<?xml version="1.0" encoding="UTF-8"?>
<robot generated="20180428 21:47:20.933" generator="Robot 3.0.2 (Python 2.7.14 on win32)">
<suite source="C:\GIT_TEST" id="s1" name="GIT TEST">
<suite source="C:\GIT_TEST\restTest" id="s1-s1" name="restTest">
<suite source="C:\GIT_TEST\restTest\test_suite_1.tsv" id="s1-s1-s1" name="Test Suite 1">
<test id="s1-s1-s1-t1" name="checkIfApplicationResponse">
<kw name="Ping Web Service" library="restfulBookerConnection">
<assign>
<var>${response}</var>
</assign>
<msg timestamp="20180428 21:47:21.269" level="INFO">200</msg>
<msg timestamp="20180428 21:47:21.269" level="INFO">${response} = 200</msg>
<status status="PASS" endtime="20180428 21:47:21.269" starttime="20180428 21:47:21.256"></status>
</kw>
<kw name="Should Be Equal As Integers" library="BuiltIn">
<doc>Fails if objects are unequal after converting them to integers.</doc>
<arguments>
<arg>${response}</arg>
<arg>200</arg>
<arg>ERROR: Connection is broken.</arg>
</arguments>
<msg timestamp="20180428 21:47:21.271" level="INFO">Argument types are:
&lt;type 'int'&gt;
&lt;type 'unicode'&gt;</msg>
<status status="PASS" endtime="20180428 21:47:21.271" starttime="20180428 21:47:21.270"></status>
</kw>
<doc>This test case checks if application is up.</doc>
<status status="PASS" endtime="20180428 21:47:21.272" critical="yes" starttime="20180428 21:47:21.255"></status>
</test>
<test id="s1-s1-s1-t2" name="getBookings">
<kw type="setup" name="Post Booking" library="restfulBookerConnection">
<msg timestamp="20180428 21:47:21.291" level="INFO">{u'bookingid': 23, u'booking': {u'bookingdates': {u'checkin': u'2018-02-23', u'checkout': u'2018-10-23'}, u'totalprice': 111, u'firstname': u'Tom', u'lastname': u'Hanks', u'additionalneeds': u'Breakfast', u'depositpaid': True}}</msg>
<status status="PASS" endtime="20180428 21:47:21.292" starttime="20180428 21:47:21.273"></status>
</kw>
<kw name="Get Bookings" library="restfulBookerConnection">
<assign>
<var>${response}</var>
</assign>
<msg timestamp="20180428 21:47:21.301" level="INFO">[{u'bookingid': 3}, {u'bookingid': 1}, {u'bookingid': 8}, {u'bookingid': 22}, {u'bookingid': 4}, {u'bookingid': 9}, {u'bookingid': 7}, {u'bookingid': 16}, {u'bookingid': 20}, {u'bookingid': 14}, {u'bookingid': 17}, {u'bookingid': 5}, {u'bookingid': 19}, {u'bookingid': 13}, {u'bookingid': 2}, {u'bookingid': 23}, {u'bookingid': 6}, {u'bookingid': 10}, {u'bookingid': 11}]</msg>
<msg timestamp="20180428 21:47:21.301" level="INFO">${response} = [{u'bookingid': 3}, {u'bookingid': 1}, {u'bookingid': 8}, {u'bookingid': 22}, {u'bookingid': 4}, {u'bookingid': 9}, {u'bookingid': 7}, {u'bookingid': 16}, {u'bookingid': 20}, {u'bookingid': 14}, {u'bo...</msg>
<status status="PASS" endtime="20180428 21:47:21.301" starttime="20180428 21:47:21.292"></status>
</kw>
<kw name="Should Not Be Empty" library="BuiltIn">
<doc>Verifies that the given item is not empty.</doc>
<arguments>
<arg>${response}</arg>
<arg>ERROR: Empty Response</arg>
</arguments>
<msg timestamp="20180428 21:47:21.302" level="INFO">Length is 19</msg>
<status status="PASS" endtime="20180428 21:47:21.303" starttime="20180428 21:47:21.302"></status>
</kw>
<status status="PASS" endtime="20180428 21:47:21.303" critical="yes" starttime="20180428 21:47:21.272"></status>
</test>
<test id="s1-s1-s1-t3" name="deleteBooking">
<kw name="Post Booking" library="restfulBookerConnection">
<assign>
<var>${idToDelete}</var>
</assign>
<msg timestamp="20180428 21:47:21.323" level="INFO">{u'bookingid': 24, u'booking': {u'bookingdates': {u'checkin': u'2018-02-23', u'checkout': u'2018-10-23'}, u'totalprice': 111, u'firstname': u'Tom', u'lastname': u'Hanks', u'additionalneeds': u'Breakfast', u'depositpaid': True}}</msg>
<msg timestamp="20180428 21:47:21.323" level="INFO">${idToDelete} = 24</msg>
<status status="PASS" endtime="20180428 21:47:21.324" starttime="20180428 21:47:21.305"></status>
</kw>
<kw name="Delete Booking" library="restfulBookerConnection">
<arguments>
<arg>${idToDelete}</arg>
</arguments>
<assign>
<var>${response}</var>
</assign>
<msg timestamp="20180428 21:47:21.343" level="INFO">{u'token': u'3f703202c429a8c'}
Generated token: 3f703202c429a8c</msg>
<msg timestamp="20180428 21:47:21.344" level="INFO">${response} = 201</msg>
<status status="PASS" endtime="20180428 21:47:21.344" starttime="20180428 21:47:21.324"></status>
</kw>
<kw name="Should Be Equal As Integers" library="BuiltIn">
<doc>Fails if objects are unequal after converting them to integers.</doc>
<arguments>
<arg>${response}</arg>
<arg>204</arg>
<arg>ERROR: Wrong response code</arg>
</arguments>
<msg timestamp="20180428 21:47:21.345" level="INFO">Argument types are:
&lt;type 'int'&gt;
&lt;type 'unicode'&gt;</msg>
<msg timestamp="20180428 21:47:21.345" level="FAIL">ERROR: Wrong response code: 201 != 204</msg>
<status status="FAIL" endtime="20180428 21:47:21.346" starttime="20180428 21:47:21.344"></status>
</kw>
<doc>This test case checks if delete Booking method works correctly.</doc>
<status status="FAIL" endtime="20180428 21:47:21.347" critical="yes" starttime="20180428 21:47:21.304">ERROR: Wrong response code: 201 != 204</status>
</test>
<test id="s1-s1-s1-t4" name="checkAuthentication">
<kw name="Authentication with valid credentails">
<arguments>
<arg>${correctUser}</arg>
<arg>${correctPassword}</arg>
</arguments>
<kw name="Authentication" library="restfulBookerConnection">
<arguments>
<arg>${user}</arg>
<arg>${password}</arg>
</arguments>
<assign>
<var>${response}</var>
</assign>
<msg timestamp="20180428 21:47:21.362" level="INFO">{u'token': u'9e7603e37f04ebc'}
Generated token: 9e7603e37f04ebc</msg>
<msg timestamp="20180428 21:47:21.363" level="INFO">${response} = {u'token': u'9e7603e37f04ebc'}</msg>
<status status="PASS" endtime="20180428 21:47:21.363" starttime="20180428 21:47:21.351"></status>
</kw>
<kw name="Token is generated">
<arguments>
<arg>${response}</arg>
</arguments>
<kw name="Should Contain" library="BuiltIn">
<doc>Fails if ``container`` does not contain ``item`` one or more times.</doc>
<arguments>
<arg>${response}</arg>
<arg>token</arg>
<arg>ERROR: Token not generated</arg>
</arguments>
<status status="PASS" endtime="20180428 21:47:21.366" starttime="20180428 21:47:21.365"></status>
</kw>
<status status="PASS" endtime="20180428 21:47:21.367" starttime="20180428 21:47:21.364"></status>
</kw>
<status status="PASS" endtime="20180428 21:47:21.368" starttime="20180428 21:47:21.349"></status>
</kw>
<kw name="Authentication with invalid credentails">
<arguments>
<arg>${correctUser}</arg>
<arg>${incorrectPassword}</arg>
</arguments>
<kw name="Authentication" library="restfulBookerConnection">
<arguments>
<arg>${user}</arg>
<arg>${password}</arg>
</arguments>
<assign>
<var>${response}</var>
</assign>
<msg timestamp="20180428 21:47:21.376" level="INFO">{u'reason': u'Bad credentials'}
Error: Bad credentials</msg>
<msg timestamp="20180428 21:47:21.377" level="INFO">${response} = {u'reason': u'Bad credentials'}</msg>
<status status="PASS" endtime="20180428 21:47:21.377" starttime="20180428 21:47:21.368"></status>
</kw>
<kw name="Token is not generated">
<arguments>
<arg>${response}</arg>
</arguments>
<kw name="Should Contain" library="BuiltIn">
<doc>Fails if ``container`` does not contain ``item`` one or more times.</doc>
<arguments>
<arg>${response}</arg>
<arg>reason</arg>
<arg>ERROR: Wrong response.</arg>
</arguments>
<status status="PASS" endtime="20180428 21:47:21.379" starttime="20180428 21:47:21.378"></status>
</kw>
<status status="PASS" endtime="20180428 21:47:21.380" starttime="20180428 21:47:21.378"></status>
</kw>
<status status="PASS" endtime="20180428 21:47:21.380" starttime="20180428 21:47:21.368"></status>
</kw>
<kw name="Authentication with invalid credentails">
<arguments>
<arg>${correctUser}</arg>
<arg>${incorrectPassword}</arg>
</arguments>
<kw name="Authentication" library="restfulBookerConnection">
<arguments>
<arg>${user}</arg>
<arg>${password}</arg>
</arguments>
<assign>
<var>${response}</var>
</assign>
<msg timestamp="20180428 21:47:21.388" level="INFO">{u'reason': u'Bad credentials'}
Error: Bad credentials</msg>
<msg timestamp="20180428 21:47:21.389" level="INFO">${response} = {u'reason': u'Bad credentials'}</msg>
<status status="PASS" endtime="20180428 21:47:21.389" starttime="20180428 21:47:21.381"></status>
</kw>
<kw name="Token is not generated">
<arguments>
<arg>${response}</arg>
</arguments>
<kw name="Should Contain" library="BuiltIn">
<doc>Fails if ``container`` does not contain ``item`` one or more times.</doc>
<arguments>
<arg>${response}</arg>
<arg>reason</arg>
<arg>ERROR: Wrong response.</arg>
</arguments>
<status status="PASS" endtime="20180428 21:47:21.390" starttime="20180428 21:47:21.389"></status>
</kw>
<status status="PASS" endtime="20180428 21:47:21.390" starttime="20180428 21:47:21.389"></status>
</kw>
<status status="PASS" endtime="20180428 21:47:21.391" starttime="20180428 21:47:21.380"></status>
</kw>
<kw name="Authentication with invalid credentails">
<arguments>
<arg>${incorrectPassword}</arg>
<arg>${incorrectPassword}</arg>
</arguments>
<kw name="Authentication" library="restfulBookerConnection">
<arguments>
<arg>${user}</arg>
<arg>${password}</arg>
</arguments>
<assign>
<var>${response}</var>
</assign>
<msg timestamp="20180428 21:47:21.400" level="INFO">{u'reason': u'Bad credentials'}
Error: Bad credentials</msg>
<msg timestamp="20180428 21:47:21.401" level="INFO">${response} = {u'reason': u'Bad credentials'}</msg>
<status status="PASS" endtime="20180428 21:47:21.401" starttime="20180428 21:47:21.392"></status>
</kw>
<kw name="Token is not generated">
<arguments>
<arg>${response}</arg>
</arguments>
<kw name="Should Contain" library="BuiltIn">
<doc>Fails if ``container`` does not contain ``item`` one or more times.</doc>
<arguments>
<arg>${response}</arg>
<arg>reason</arg>
<arg>ERROR: Wrong response.</arg>
</arguments>
<status status="PASS" endtime="20180428 21:47:21.403" starttime="20180428 21:47:21.402"></status>
</kw>
<status status="PASS" endtime="20180428 21:47:21.404" starttime="20180428 21:47:21.401"></status>
</kw>
<status status="PASS" endtime="20180428 21:47:21.405" starttime="20180428 21:47:21.392"></status>
</kw>
<kw name="Authentication with invalid credentails">
<arguments>
<arg>${EMPTY}</arg>
<arg>${incorrectPassword}</arg>
</arguments>
<kw name="Authentication" library="restfulBookerConnection">
<arguments>
<arg>${user}</arg>
<arg>${password}</arg>
</arguments>
<assign>
<var>${response}</var>
</assign>
<msg timestamp="20180428 21:47:21.414" level="INFO">{u'reason': u'Bad credentials'}
Error: Bad credentials</msg>
<msg timestamp="20180428 21:47:21.415" level="INFO">${response} = {u'reason': u'Bad credentials'}</msg>
<status status="PASS" endtime="20180428 21:47:21.415" starttime="20180428 21:47:21.406"></status>
</kw>
<kw name="Token is not generated">
<arguments>
<arg>${response}</arg>
</arguments>
<kw name="Should Contain" library="BuiltIn">
<doc>Fails if ``container`` does not contain ``item`` one or more times.</doc>
<arguments>
<arg>${response}</arg>
<arg>reason</arg>
<arg>ERROR: Wrong response.</arg>
</arguments>
<status status="PASS" endtime="20180428 21:47:21.416" starttime="20180428 21:47:21.416"></status>
</kw>
<status status="PASS" endtime="20180428 21:47:21.416" starttime="20180428 21:47:21.415"></status>
</kw>
<status status="PASS" endtime="20180428 21:47:21.417" starttime="20180428 21:47:21.405"></status>
</kw>
<kw name="Authentication with invalid credentails">
<arguments>
<arg>${correctUser}</arg>
<arg>${EMPTY}</arg>
</arguments>
<kw name="Authentication" library="restfulBookerConnection">
<arguments>
<arg>${user}</arg>
<arg>${password}</arg>
</arguments>
<assign>
<var>${response}</var>
</assign>
<msg timestamp="20180428 21:47:21.426" level="INFO">{u'reason': u'Bad credentials'}
Error: Bad credentials</msg>
<msg timestamp="20180428 21:47:21.426" level="INFO">${response} = {u'reason': u'Bad credentials'}</msg>
<status status="PASS" endtime="20180428 21:47:21.427" starttime="20180428 21:47:21.418"></status>
</kw>
<kw name="Token is not generated">
<arguments>
<arg>${response}</arg>
</arguments>
<kw name="Should Contain" library="BuiltIn">
<doc>Fails if ``container`` does not contain ``item`` one or more times.</doc>
<arguments>
<arg>${response}</arg>
<arg>reason</arg>
<arg>ERROR: Wrong response.</arg>
</arguments>
<status status="PASS" endtime="20180428 21:47:21.429" starttime="20180428 21:47:21.428"></status>
</kw>
<status status="PASS" endtime="20180428 21:47:21.429" starttime="20180428 21:47:21.427"></status>
</kw>
<status status="PASS" endtime="20180428 21:47:21.429" starttime="20180428 21:47:21.417"></status>
</kw>
<doc>This test case checks if authentication works correctly for correct credentials data. Test also checks if token is not generate when incorrect credentials are given.</doc>
<status status="PASS" endtime="20180428 21:47:21.431" critical="yes" starttime="20180428 21:47:21.348"></status>
</test>
<test id="s1-s1-s1-t5" name="postBooking">
<kw name="CountExpectedNumbersOfBookings">
<kw name="Get Bookings Ids" library="restfulBookerConnection">
<assign>
<var>${baseBookingsList}</var>
</assign>
<msg timestamp="20180428 21:47:21.440" level="INFO">[{u'bookingid': 3}, {u'bookingid': 1}, {u'bookingid': 8}, {u'bookingid': 22}, {u'bookingid': 4}, {u'bookingid': 9}, {u'bookingid': 7}, {u'bookingid': 16}, {u'bookingid': 20}, {u'bookingid': 14}, {u'bookingid': 17}, {u'bookingid': 5}, {u'bookingid': 19}, {u'bookingid': 13}, {u'bookingid': 2}, {u'bookingid': 23}, {u'bookingid': 6}, {u'bookingid': 10}, {u'bookingid': 11}]</msg>
<msg timestamp="20180428 21:47:21.441" level="INFO">${baseBookingsList} = [1, 2, 3, 4, 5, 6, 7, 8, 9, 10, 11, 13, 14, 16, 17, 19, 20, 22, 23]</msg>
<status status="PASS" endtime="20180428 21:47:21.441" starttime="20180428 21:47:21.433"></status>
</kw>
<kw name="Get Length" library="BuiltIn">
<doc>Returns and logs the length of the given item as an integer.</doc>
<arguments>
<arg>${baseBookingsList}</arg>
</arguments>
<assign>
<var>${numbeOfBookingsBeforePost}</var>
</assign>
<msg timestamp="20180428 21:47:21.442" level="INFO">Length is 19</msg>
<msg timestamp="20180428 21:47:21.442" level="INFO">${numbeOfBookingsBeforePost} = 19</msg>
<status status="PASS" endtime="20180428 21:47:21.442" starttime="20180428 21:47:21.441"></status>
</kw>
<kw name="Evaluate" library="BuiltIn">
<doc>Evaluates the given expression in Python and returns the results.</doc>
<arguments>
<arg>${numbeOfBookingsBeforePost}+${1}</arg>
</arguments>
<assign>
<var>${expectedNumberOfBookings}</var>
</assign>
<msg timestamp="20180428 21:47:21.443" level="INFO">${expectedNumberOfBookings} = 20</msg>
<status status="PASS" endtime="20180428 21:47:21.443" starttime="20180428 21:47:21.442"></status>
</kw>
<kw name="Set Test Variable" library="BuiltIn">
<doc>Makes a variable available everywhere within the scope of the current test.</doc>
<arguments>
<arg>${expectedNumberOfBookings}</arg>
</arguments>
<msg timestamp="20180428 21:47:21.444" level="INFO">${expectedNumberOfBookings} = 20</msg>
<status status="PASS" endtime="20180428 21:47:21.445" starttime="20180428 21:47:21.443"></status>
</kw>
<status status="PASS" endtime="20180428 21:47:21.445" starttime="20180428 21:47:21.432"></status>
</kw>
<kw name="CountExpectedBookingId">
<kw name="Get Last Booking Id" library="restfulBookerConnection">
<assign>
<var>${lastId}</var>
</assign>
<msg timestamp="20180428 21:47:21.458" level="INFO">[{u'bookingid': 3}, {u'bookingid': 1}, {u'bookingid': 8}, {u'bookingid': 22}, {u'bookingid': 4}, {u'bookingid': 9}, {u'bookingid': 7}, {u'bookingid': 16}, {u'bookingid': 20}, {u'bookingid': 14}, {u'bookingid': 17}, {u'bookingid': 5}, {u'bookingid': 19}, {u'bookingid': 13}, {u'bookingid': 2}, {u'bookingid': 23}, {u'bookingid': 6}, {u'bookingid': 10}, {u'bookingid': 11}]</msg>
<msg timestamp="20180428 21:47:21.458" level="INFO">${lastId} = 23</msg>
<status status="PASS" endtime="20180428 21:47:21.459" starttime="20180428 21:47:21.447"></status>
</kw>
<kw name="Evaluate" library="BuiltIn">
<doc>Evaluates the given expression in Python and returns the results.</doc>
<arguments>
<arg>${lastId}+${1}</arg>
</arguments>
<assign>
<var>${expectedId}</var>
</assign>
<msg timestamp="20180428 21:47:21.460" level="INFO">${expectedId} = 24</msg>
<status status="PASS" endtime="20180428 21:47:21.461" starttime="20180428 21:47:21.459"></status>
</kw>
<kw name="Set Test Variable" library="BuiltIn">
<doc>Makes a variable available everywhere within the scope of the current test.</doc>
<arguments>
<arg>${expectedId}</arg>
</arguments>
<msg timestamp="20180428 21:47:21.461" level="INFO">${expectedId} = 24</msg>
<status status="PASS" endtime="20180428 21:47:21.462" starttime="20180428 21:47:21.461"></status>
</kw>
<status status="PASS" endtime="20180428 21:47:21.462" starttime="20180428 21:47:21.446"></status>
</kw>
<kw name="RunPostBookingAction">
<arguments>
<arg>${expectedId}</arg>
</arguments>
<kw name="Post Booking" library="restfulBookerConnection">
<assign>
<var>${response}</var>
</assign>
<msg timestamp="20180428 21:47:21.474" level="INFO">{u'bookingid': 25, u'booking': {u'bookingdates': {u'checkin': u'2018-02-23', u'checkout': u'2018-10-23'}, u'totalprice': 111, u'firstname': u'Tom', u'lastname': u'Hanks', u'additionalneeds': u'Breakfast', u'depositpaid': True}}</msg>
<msg timestamp="20180428 21:47:21.474" level="INFO">${response} = 25</msg>
<status status="PASS" endtime="20180428 21:47:21.475" starttime="20180428 21:47:21.464"></status>
</kw>
<kw name="Should Be Equal As Integers" library="BuiltIn">
<doc>Fails if objects are unequal after converting them to integers.</doc>
<arguments>
<arg>${response}</arg>
<arg>${expectedId}</arg>
<arg>ERROR: Wrong booking id</arg>
</arguments>
<msg timestamp="20180428 21:47:21.476" level="FAIL">ERROR: Wrong booking id: 25 != 24</msg>
<status status="FAIL" endtime="20180428 21:47:21.477" starttime="20180428 21:47:21.475"></status>
</kw>
<status status="FAIL" endtime="20180428 21:47:21.477" starttime="20180428 21:47:21.462"></status>
</kw>
<status status="FAIL" endtime="20180428 21:47:21.477" critical="yes" starttime="20180428 21:47:21.432">ERROR: Wrong booking id: 25 != 24</status>
</test>
<status status="FAIL" endtime="20180428 21:47:21.478" starttime="20180428 21:47:21.000"></status>
</suite>
<status status="FAIL" endtime="20180428 21:47:21.481" starttime="20180428 21:47:20.998"></status>
</suite>
<status status="FAIL" endtime="20180428 21:47:21.482" starttime="20180428 21:47:20.972"></status>
</suite>
<statistics>
<total>
<stat fail="2" pass="3">Critical Tests</stat>
<stat fail="2" pass="3">All Tests</stat>
</total>
<tag>
</tag>
<suite>
<stat fail="2" id="s1" name="GIT TEST" pass="3">GIT TEST</stat>
<stat fail="2" id="s1-s1" name="restTest" pass="3">GIT TEST.restTest</stat>
<stat fail="2" id="s1-s1-s1" name="Test Suite 1" pass="3">GIT TEST.restTest.Test Suite 1</stat>
</suite>
</statistics>
<errors>
</errors>
</robot>
